Title,Title_link,Thumbnail,reviewCountContainer_2EO6o,Price,price_FHDfG,availabilityMessageSearch_23ZLw,salePrice_kTFZ3,productSaving_3YmNX,availabilityMessageSearchPickup_2eGze
"Microsoft Surface 3 13.5"" Touchscreen Laptop - Platinum (Intel Core i5-1035G7/128GB SSD/8GB RAM) - English",https://www.bestbuy.ca/en-ca/product/microsoft-surface-3-13-5-touchscreen-laptop-platinum-intel-core-i5-1035g7-128gb-ssd-8gb-ram-english/13949411,https://multimedia.bbycastatic.ca/multimedia/products/500x500/139/13949/13949411.jpg,(140 Reviews),"$1,199.99","$1,199.99",Available online,"$1,199.99",SAVE $150,Sold out in nearby stores
"HP ENVY 13.3"" Laptop - Natural Silver (Intel Core i5-10210U/256GB SSD/8GB RAM/Windows 10)",https://www.bestbuy.ca/en-ca/product/hp-envy-13-3-laptop-natural-silver-intel-core-i5-10210u-256gb-ssd-8gb-ram-windows-10/13819531,https://multimedia.bbycastatic.ca/multimedia/products/500x500/138/13819/13819531.jpg,(3 Reviews),"$1,049.99","$1,049.99",Available online,"$1,049.99",SAVE $150,Available at nearby stores
"Microsoft Surface 3 13.5"" Touchscreen Laptop - Matte Black (Intel Core i5-1035G7/256GB SSD/8GB RAM) - English",https://www.bestbuy.ca/en-ca/product/microsoft-surface-3-13-5-touchscreen-laptop-matte-black-intel-core-i5-1035g7-256gb-ssd-8gb-ram-english/13949377,https://multimedia.bbycastatic.ca/multimedia/products/500x500/139/13949/13949377.jpg,(102 Reviews),"$1,529.99","$1,529.99",Available online,"$1,529.99",SAVE $200,Available at nearby stores
"HP 820 G2 12"" Laptop - Intel Core i5-5300 5th Gen, 8 GB RAM, 128 GB SSD, Webcam - Refurbished",https://www.bestbuy.ca/en-ca/product/hp-820-g2-12-laptop-intel-core-i5-5300-5th-gen-8-gb-ram-128-gb-ssd-webcam-refurbished/14500894,https://multimedia.bbycastatic.ca/multimedia/products/500x500/145/14500/14500894.jpg,(0 Reviews),$519.99,$519.99,Available online only,$519.99,SAVE $780,
"Microsoft Surface 3 13.5"" Touchscreen Laptop - Sandstone (Intel Core i5-1035G7/256GB SSD/8GB RAM) - English",https://www.bestbuy.ca/en-ca/product/microsoft-surface-3-13-5-touchscreen-laptop-sandstone-intel-core-i5-1035g7-256gb-ssd-8gb-ram-english/13949381,,(74 Reviews),"$1,529.99","$1,529.99",Available online,"$1,529.99",SAVE $200,Sold out in nearby stores
"HP 820 G2 12"" Laptop, Intel Core i5-5300 5th Gen, 8 GB RAM, 500 GB HDD, 12 in Display, Webcam - Refurbished",https://www.bestbuy.ca/en-ca/product/hp-820-g2-12-laptop-intel-core-i5-5300-5th-gen-8-gb-ram-500-gb-hdd-12-in-display-webcam-refurbished/14500891,,(0 Reviews),$529.99,$529.99,Available online only,$529.99,SAVE $770,
"Dell 13.3"" Laptop - Platinum Silver (Intel Core i5-10210U/256GB SSD/8GB RAM/Windows 10)",https://www.bestbuy.ca/en-ca/product/dell-13-3-laptop-platinum-silver-intel-core-i5-10210u-256gb-ssd-8gb-ram-windows-10/14209043,,(41 Reviews),$899.99,$899.99,Available online,,,Sold out in nearby stores
"Microsoft Surface 3 13.5"" Touchscreen Laptop - Matte Black (Intel Core i7-1065G7/256GB SSD/16GB RAM) - English",https://www.bestbuy.ca/en-ca/product/microsoft-surface-3-13-5-touchscreen-laptop-matte-black-intel-core-i7-1065g7-256gb-ssd-16gb-ram-english/13949385,,(17 Reviews),"$1,949.99","$1,949.99",Available online,"$1,949.99",SAVE $200,Sold out in nearby stores
"Microsoft Surface 3 13.5"" Touchscreen Laptop - Platinum (Intel Core i5-1035G7/128GB SSD/8GB RAM) - French",https://www.bestbuy.ca/en-ca/product/microsoft-surface-3-13-5-touchscreen-laptop-platinum-intel-core-i5-1035g7-128gb-ssd-8gb-ram-french/13949362,,(0 Reviews),"$1,199.99","$1,199.99",Available online,"$1,199.99",SAVE $150,Sold out in nearby stores
"Lenovo ThinkPad Yoga 11E 11.6"" Touchscreen Laptop (Intel Celeron N3150, 8GB RAM, 128GB, Win 10 Pro) - Refurbished",https://www.bestbuy.ca/en-ca/product/lenovo-thinkpad-yoga-11e-11-6-touchscreen-laptop-intel-celeron-n3150-8gb-ram-128gb-win-10-pro-refurbished/14331602,,(0 Reviews),$289.99,$289.99,Available online only,$289.99,SAVE $210,
"Dell XPS 13.3"" Laptop - Platinum Silver (Intel Core i7-10710U/512GB SSD/16GB RAM/Windows 10)",https://www.bestbuy.ca/en-ca/product/dell-xps-13-3-laptop-platinum-silver-intel-core-i7-10710u-512gb-ssd-16gb-ram-windows-10/14209045,,(240 Reviews),"$1,799.99","$1,799.99",Sold out online,,,Sold out in nearby stores
"Microsoft Surface 3 13.5"" Touchscreen Laptop - Cobalt Blue (Intel Core i5-1035G7/256GB SSD/8GB RAM) - English",https://www.bestbuy.ca/en-ca/product/microsoft-surface-3-13-5-touchscreen-laptop-cobalt-blue-intel-core-i5-1035g7-256gb-ssd-8gb-ram-english/13949369,,(94 Reviews),"$1,529.99","$1,529.99",Available online,"$1,529.99",SAVE $200,Sold out in nearby stores
"HP 11 G7 EE 11.6"" Chromebook - Gray (Intel Celeron N4000 / 16GB eMMC / 4GB RAM / Chrome OS) - English - (6QY22UT#ABA)",https://www.bestbuy.ca/en-ca/product/hp-11-g7-ee-11-6-chromebook-gray-intel-celeron-n4000-16gb-emmc-4gb-ram-chrome-os-english-6qy22ut-aba/13816616,,(0 Reviews),$329.99,$329.99,Available online only,$329.99,SAVE $50,
"Lenovo ThinkPad Yoga 11E 11.6"" Laptop (Intel Celeron N2930, 8GB RAM, 320GB, Windows 10) - Refurbished",https://www.bestbuy.ca/en-ca/product/lenovo-thinkpad-yoga-11e-11-6-laptop-intel-celeron-n2930-8gb-ram-320gb-windows-10-refurbished/14367265,,(0 Reviews),$229,$229.00,Available online only,$229.00,SAVE $171,
"Microsoft Surface 13.5"" Laptop-Burgundy (7thGen Intel Core i5-7200U/256GB SSD/8GB RAM/Win10S)-French",https://www.bestbuy.ca/en-ca/product/microsoft-surface-13-5-laptop-burgundy-7thgen-intel-core-i5-7200u-256gb-ssd-8gb-ram-win10s-french/11193913,,(0 Reviews),$899.97,$899.97,Sold out online,,,Sold out in nearby stores
"HP ENVY 13.3"" Laptop - Natural Silver (Intel Core i5-10210U/256GB SSD/8GB RAM/Windows 10) - Open Box",https://www.bestbuy.ca/en-ca/product/hp-envy-13-3-laptop-natural-silver-intel-core-i5-10210u-256gb-ssd-8gb-ram-windows-10-open-box/14321039,,(0 Reviews),$969.99,$969.99,Available online only,$969.99,SAVE $30,
Acer 11.6” Spin 1 convertible notebook (Intel N5000/4Gb/64Gb eMMC/Win10 S) - Manufacturer ReCertified w/ 1 Year Warranty,https://www.bestbuy.ca/en-ca/product/acer-11-6-spin-1-convertible-notebook-intel-n5000-4gb-64gb-emmc-win10-s-manufacturer-recertified-w-1-year-warranty/13571828,,(0 Reviews),$369.99,$369.99,Available online only,,,
"Microsoft Surface 3 13.5"" Touchscreen Laptop - Platinum (Intel Core i5-1035G7/256GB SSD/8GB RAM) - English",https://www.bestbuy.ca/en-ca/product/microsoft-surface-3-13-5-touchscreen-laptop-platinum-intel-core-i5-1035g7-256gb-ssd-8gb-ram-english/13949363,,(9 Reviews),"$1,529.99","$1,529.99",Available online,"$1,529.99",SAVE $200,Sold out in nearby stores
"Dell Latitude E7240 12.5"" Ultrabook, Intel Core i5-4300U CPU, 8GB RAM, 256GB SSD, Windows 10 - Refurbished",https://www.bestbuy.ca/en-ca/product/dell-latitude-e7240-12-5-ultrabook-intel-core-i5-4300u-cpu-8gb-ram-256gb-ssd-windows-10-refurbished/13493162,,(0 Reviews),$369.88,$369.88,Available online only,$369.88,SAVE $129,
"Dell Latitude 7370 Touch 13.3"" Laptop, Intel Core M5-6Y57 up to 2.8G,8G DDR3L,256G SSD,Win10 Pro 64 Bit (EN/FR/ES)-Refurbished",https://www.bestbuy.ca/en-ca/product/dell-latitude-7370-touch-13-3-laptop-intel-core-m5-6y57-up-to-2-8g-8g-ddr3l-256g-ssd-win10-pro-64-bit-en-fr-es-refurbished/14515638,,(0 Reviews),$530.98,$530.98,Available online only,$530.98,SAVE $265,
"Dell Inspiron 13.3"" Laptop - Platinum Silver (Intel Core i5-8250U/256GB SSD/8GB RAM/Windows 10) - Refurbished",https://www.bestbuy.ca/en-ca/product/dell-inspiron-13-3-laptop-platinum-silver-intel-core-i5-8250u-256gb-ssd-8gb-ram-windows-10-refurbished/13862806,,(0 Reviews),$631.99,$631.99,Available online only,$631.99,SAVE $118,
"Microsoft Surface 3 13.5"" Touchscreen Laptop - Cobalt Blue (Intel Core i7-1065G7/256GB SSD/16GB RAM) - English",https://www.bestbuy.ca/en-ca/product/microsoft-surface-3-13-5-touchscreen-laptop-cobalt-blue-intel-core-i7-1065g7-256gb-ssd-16gb-ram-english/13949371,,(12 Reviews),"$1,949.99","$1,949.99",Available online,"$1,949.99",SAVE $200,Sold out in nearby stores
"Lenovo ThinkPad X230 12.5"" Laptop, Intel Core i3 3130M 2.6 GHz, 4G DDR3, 320G, VGA, DP, USB 3.0, W10H64 (EN/FR/ES)-Refurbished",https://www.bestbuy.ca/en-ca/product/lenovo-thinkpad-x230-12-5-laptop-intel-core-i3-3130m-2-6-ghz-4g-ddr3-320g-vga-dp-usb-3-0-w10h64-en-fr-es-refurbished/14519498,,(0 Reviews),$337.98,$337.98,Available online only,$337.98,SAVE $169,
"Dell Latitude E6230 12.5"" Laptop, Intel Core i5 3320M up to 3.3G, 4G DDR3, 320G, Windows 10 Home 64 Bit (EN/FR/ES)-Refurbished",https://www.bestbuy.ca/en-ca/product/dell-latitude-e6230-12-5-laptop-intel-core-i5-3320m-up-to-3-3g-4g-ddr3-320g-windows-10-home-64-bit-en-fr-es-refurbished/14515554,,(0 Reviews),$359.98,$359.98,Available online only,$359.98,SAVE $180,
"Microsoft Surface 3 13.5"" Touchscreen Laptop - Sandstone (Intel Core i7-1065G7/256GB SSD/16GB RAM) - English",https://www.bestbuy.ca/en-ca/product/microsoft-surface-3-13-5-touchscreen-laptop-sandstone-intel-core-i7-1065g7-256gb-ssd-16gb-ram-english/13949387,,(7 Reviews),"$1,949.99","$1,949.99",Sold out online,"$1,949.99",SAVE $200,Sold out in nearby stores
"Microsoft Surface 3 13.5"" Touchscreen Laptop - Platinum (Intel Core i7-1065G7/256GB SSD/16GB RAM) - English",https://www.bestbuy.ca/en-ca/product/microsoft-surface-3-13-5-touchscreen-laptop-platinum-intel-core-i7-1065g7-256gb-ssd-16gb-ram-english/13949365,,(7 Reviews),"$1,949.99","$1,949.99",Available online,"$1,949.99",SAVE $200,Sold out in nearby stores
"Microsoft Surface 2 13.5"" Touchscreen Laptop - Platinum (Intel Core i7/1TB SSD/16GB RAM) - English",https://www.bestbuy.ca/en-ca/product/microsoft-surface-2-13-5-touchscreen-laptop-platinum-intel-core-i7-1tb-ssd-16gb-ram-english/13013386,,(3 Reviews),"$2,799.97","$2,799.97",Available online,,,Sold out in nearby stores
Dell XPS 13 9370 Laptop - Gray - (1.7 GHz i5 8350U Intel Processor / 256GB SDD / 16GB RAM / Windows 10 Pro) - Refurbished,https://www.bestbuy.ca/en-ca/product/dell-xps-13-9370-laptop-gray-1-7-ghz-i5-8350u-intel-processor-256gb-sdd-16gb-ram-windows-10-pro-refurbished/14479774,,(0 Reviews),"$1,299.99","$1,299.99",Available online only,,,
"Microsoft Surface 3 13.5"" Touchscreen Laptop - Sandstone (Intel Core i5-1035G7/256GB SSD/8GB RAM) - French",https://www.bestbuy.ca/en-ca/product/microsoft-surface-3-13-5-touchscreen-laptop-sandstone-intel-core-i5-1035g7-256gb-ssd-8gb-ram-french/13949382,,(0 Reviews),"$1,529.99","$1,529.99",Available online,"$1,529.99",SAVE $120,Sold out in nearby stores
"HP ProBook x 360 11 G3 EE 11.6"" Touch Laptop (Intel Celeron Processor N4000 - 4GB RAM - 64GB eMMC) (7PT64UT#ABA)",https://www.bestbuy.ca/en-ca/product/hp-probook-x-360-11-g3-ee-11-6-touch-laptop-intel-celeron-processor-n4000-4gb-ram-64gb-emmc-7pt64ut-aba/14316830,,(0 Reviews),$516.99,$516.99,Available online only,$516.99,SAVE $57,
"Dell 13.3"" Laptop - Platinum Silver (Intel Core i5-10210U/256GB SSD/8GB RAM/Windows 10) - Open Box",https://www.bestbuy.ca/en-ca/product/dell-13-3-laptop-platinum-silver-intel-core-i5-10210u-256gb-ssd-8gb-ram-windows-10-open-box/14321014,,(0 Reviews),$849.99,$849.99,Available online only,,,
"Microsoft Surface 3 13.5"" Touchscreen Laptop - Matte Black (Intel Core i7-1065G7/1TB SSD/16GB RAM) - English",https://www.bestbuy.ca/en-ca/product/microsoft-surface-3-13-5-touchscreen-laptop-matte-black-intel-core-i7-1065g7-1tb-ssd-16gb-ram-english/13949383,,(4 Reviews),"$3,229.99","$3,229.99",Available online,,,Sold out in nearby stores
"Dell XPS 13.3"" Touchscreen Laptop - Silver (Intel Core i7 8550U/512GB SSD/16GB RAM/Windows 10) - Eng",https://www.bestbuy.ca/en-ca/product/dell-xps-13-3-touchscreen-laptop-silver-intel-core-i7-8550u-512gb-ssd-16gb-ram-windows-10-eng/12650346,,(862 Reviews),"$2,399.99","$2,399.99",Sold out online,,,
"Dell XPS 13.3"" Laptop - Platinum Silver (Intel Core i7-8565U/256GB SSD/8GB RAM/Windows 10) - Open Box",https://www.bestbuy.ca/en-ca/product/dell-xps-13-3-laptop-platinum-silver-intel-core-i7-8565u-256gb-ssd-8gb-ram-windows-10-open-box/14542651,,(0 Reviews),"$1,272.99","$1,272.99",Available online only,"$1,272.99",SAVE $127,
"HP 11 G7 EE 11.6"" Chromebook - Gray (Intel Celeron N4000 / 32GB eMMC / 4GB RAM / Chrome OS) - English - (6QY25UT#ABA)",https://www.bestbuy.ca/en-ca/product/hp-11-g7-ee-11-6-chromebook-gray-intel-celeron-n4000-32gb-emmc-4gb-ram-chrome-os-english-6qy25ut-aba/13816615,,(0 Reviews),$379.99,$379.99,Available online only,$379.99,SAVE $20,
Lenovo Thinkpad Ultrabook 12'' X250 Intel I5-5300U 8GB RAM 128GB SSD Wins 10 Pro - Refurbished,https://www.bestbuy.ca/en-ca/product/lenovo-thinkpad-ultrabook-12-x250-intel-i5-5300u-8gb-ram-128gb-ssd-wins-10-pro-refurbished/13653799,,(0 Reviews),$359,$359.00,Available online only,$359.00,SAVE $40,
"Dell XPS 13.3"" Laptop - Platinum Silver (Intel Core i7-10710U/512GB SSD/16GB RAM/Windows 10) - Open Box",https://www.bestbuy.ca/en-ca/product/dell-xps-13-3-laptop-platinum-silver-intel-core-i7-10710u-512gb-ssd-16gb-ram-windows-10-open-box/14542756,,(0 Reviews),"$1,614.99","$1,614.99",Available online only,"$1,614.99",SAVE $185,
"Microsoft Surface 3 13.5"" Touchscreen Laptop - Matte Black (Intel Core i7-1065G7/512GB SSD/16GB RAM) - English",https://www.bestbuy.ca/en-ca/product/microsoft-surface-3-13-5-touchscreen-laptop-matte-black-intel-core-i7-1065g7-512gb-ssd-16gb-ram-english/13949389,,(6 Reviews),"$2,689.99","$2,689.99",Available online,,,Sold out in nearby stores
"HP ENVY 13.3"" Laptop -Silver (Intel Core i5-8265U/256GB SSD/8GB RAM/Windows 10) - Open Box",https://www.bestbuy.ca/en-ca/product/hp-envy-13-3-laptop-silver-intel-core-i5-8265u-256gb-ssd-8gb-ram-windows-10-open-box/13986357,,(0 Reviews),$949.95,$949.95,Available online only,,,
"Microsoft Surface 3 13.5"" Touchscreen Laptop - Matte Black (Intel Core i5-1035G7/256GB SSD/8GB RAM) - French",https://www.bestbuy.ca/en-ca/product/microsoft-surface-3-13-5-touchscreen-laptop-matte-black-intel-core-i5-1035g7-256gb-ssd-8gb-ram-french/13949378,,(0 Reviews),"$1,529.99","$1,529.99",Available online,"$1,529.99",SAVE $200,Sold out in nearby stores
"HP Pavilion 13.3"" Laptop - Mineral Silver (Intel Core i5-8265U/256GB SSD/8GB RAM) - Open Box",https://www.bestbuy.ca/en-ca/product/hp-pavilion-13-3-laptop-mineral-silver-intel-core-i5-8265u-256gb-ssd-8gb-ram-open-box/13506525,,(0 Reviews),$849.99,$849.99,Available online only,,,
"Certified Refurbished-Microsoft Surface Laptop 1st Gen,7th Gen i7/8GB RAM/256GB SSD/Win10 Pro/Touch Screen-Cobalt Blue",https://www.bestbuy.ca/en-ca/product/certified-refurbished-microsoft-surface-laptop-1st-gen-7th-gen-i7-8gb-ram-256gb-ssd-win10-pro-touch-screen-cobalt-blue/14472647,,(0 Reviews),"$1,249.99","$1,249.99",Available online only,"$1,249.99",SAVE $449,
"Dell Latitude E7240 12.5"" TOUCH Ultrabook, Intel Core i5-4300U CPU, 8GB RAM, 256GB Solid State Drive Wins 10 Pro - Refurbished",https://www.bestbuy.ca/en-ca/product/dell-latitude-e7240-12-5-touch-ultrabook-intel-core-i5-4300u-cpu-8gb-ram-256gb-solid-state-drive-wins-10-pro-refurbished/14417639,,(0 Reviews),$550.97,$550.97,Available online only,$550.97,SAVE $249,
"TOSHIBA Tecra Z30-B 13"" Laptop, Intel Core i7-5600U, 8GB RAM, 256GB SSD, Windows 10 Pro, REFURBISHED",https://www.bestbuy.ca/en-ca/product/toshiba-tecra-z30-b-13-laptop-intel-core-i7-5600u-8gb-ram-256gb-ssd-windows-10-pro-refurbished/14471069,,(0 Reviews),$599.99,$599.99,Available online only,$599.99,SAVE $400,
"Microsoft Surface 3 13.5"" Touchscreen Laptop - Sandstone (Intel Core i7-1065G7/512GB SSD/16GB RAM) - English",https://www.bestbuy.ca/en-ca/product/microsoft-surface-3-13-5-touchscreen-laptop-sandstone-intel-core-i7-1065g7-512gb-ssd-16gb-ram-english/13949391,,(2 Reviews),"$2,689.99","$2,689.99",Available online,,,Sold out in nearby stores
"Microsoft Surface 3 13.5"" Touchscreen Laptop - Platinum (Intel Core i7-1065G7/512GB SSD/16GB RAM) - English",https://www.bestbuy.ca/en-ca/product/microsoft-surface-3-13-5-touchscreen-laptop-platinum-intel-core-i7-1065g7-512gb-ssd-16gb-ram-english/13949367,,(5 Reviews),"$2,689.99","$2,689.99",Available online,,,Sold out in nearby stores
"Lenovo ThinkPad X201 12.1"" Laptop, Intel Core i5 520M up to 2.93G, 4G DDR3, 320G, VGA,Win10 Home 64 Bit (EN/FR/ES)-Refurbished",https://www.bestbuy.ca/en-ca/product/lenovo-thinkpad-x201-12-1-laptop-intel-core-i5-520m-up-to-2-93g-4g-ddr3-320g-vga-win10-home-64-bit-en-fr-es-refurbished/14538957,,(0 Reviews),$321.98,$321.98,Available online only,$321.98,SAVE $161,
"Lenovo Yoga C930 Glass 13.9"" 2-in-1 Laptop, Intel Core i7-8550U 1.80GHz, up to 4.0GHz with Turbo Boost, 12GB RAM, 256GB SSD",https://www.bestbuy.ca/en-ca/product/lenovo-yoga-c930-glass-13-9-2-in-1-laptop-intel-core-i7-8550u-1-80ghz-up-to-4-0ghz-with-turbo-boost-12gb-ram-256gb-ssd/14415200,,(181 Reviews),"$1,959.99","$1,959.99",Available online only,"$1,959.99",SAVE $200,
"Dell 13.3"" Laptop - Platinum Silver (Intel Core i5-10210U/256GB SSD/8GB RAM/Windows 10) - Open Box",https://www.bestbuy.ca/en-ca/product/dell-13-3-laptop-platinum-silver-intel-core-i5-10210u-256gb-ssd-8gb-ram-windows-10-open-box/14542680,,(0 Reviews),$807.99,$807.99,Available online only,$807.99,SAVE $92,
Lenovo Thinkpad T440s -Core i5 4300U-1.9GHz-4B RAM-500GB HDD- Win 10 Pro-14''-Refurbished(Grade A),https://www.bestbuy.ca/en-ca/product/lenovo-thinkpad-t440s-core-i5-4300u-1-9ghz-4b-ram-500gb-hdd-win-10-pro-14-refurbished-grade-a/14402163,,(0 Reviews),$349,$349.00,Available online only,$349.00,SAVE $251,
"HP Spectre X360 13.3"" Convertible Laptop (Intel Core i7-8565U / 512 GB / 8GB DDR4 / PCIe NVMe)",https://www.bestbuy.ca/en-ca/product/hp-spectre-x360-13-3-convertible-laptop-intel-core-i7-8565u-512-gb-8gb-ddr4-pcie-nvme/13399121,,(0 Reviews),"$3,011.99","$3,011.99",Available online only,,,
"Dell Latitude E5450 13"" Laptop (Intel Core i5-5300U 2.30GHz / 4GB RAM / 128GB SSD) - Refurbished",https://www.bestbuy.ca/en-ca/product/dell-latitude-e5450-13-laptop-intel-core-i5-5300u-2-30ghz-4gb-ram-128gb-ssd-refurbished/13368382,,(0 Reviews),$369,$369.00,Available online only,,,
"Microsoft Surface Pro 4 Touch i7 6650U 12.3"" 8 GB RAM 256GB SSD Windows 10 Pro Refurbished",https://www.bestbuy.ca/en-ca/product/microsoft-surface-pro-4-touch-i7-6650u-12-3-8-gb-ram-256gb-ssd-windows-10-pro-refurbished/14516230,,(0 Reviews),"$1,027.97","$1,027.97",Available online only,"$1,027.97",SAVE $472,
"ASUS ZenBook 13.3"" Touchscreen Laptop (Intel Core i7-8565U/512GB SSD/16GB RAM) - Eng - Open Box",https://www.bestbuy.ca/en-ca/product/asus-zenbook-13-3-touchscreen-laptop-intel-core-i7-8565u-512gb-ssd-16gb-ram-eng-open-box/14321021,,(0 Reviews),"$1,899.99","$1,899.99",Available online only,,,
"Dell Latitude E4310 13.3"" TFT Laptop, Intel Core i5 520M 2.40 GHz, 4G DDR3 RAM, 250GB HDD, DVD, Win10 Home(EN/FR)-Refurbished",https://www.bestbuy.ca/en-ca/product/dell-latitude-e4310-13-3-tft-laptop-intel-core-i5-520m-2-40-ghz-4g-ddr3-ram-250gb-hdd-dvd-win10-home-en-fr-refurbished/12662411,,(0 Reviews),$319.98,$319.98,Available online only,$319.98,SAVE $160,
"Dell XPS 13.3"" Laptop - Platinum Silver (Intel Core i7-8565U/256GB SSD/8GB RAM/Windows 10) - Open Box",https://www.bestbuy.ca/en-ca/product/dell-xps-13-3-laptop-platinum-silver-intel-core-i7-8565u-256gb-ssd-8gb-ram-windows-10-open-box/13626075,,(0 Reviews),"$1,899.99","$1,899.99",Available online only,,,
"Dell Latitude E7270 12.5"" (FHD) Touch Laptop (Intel Core i5-6300U 2.4GHz, 16GB DDR4 RAM, 240GB SSD (EN/FR) - Refurbished",https://www.bestbuy.ca/en-ca/product/dell-latitude-e7270-12-5-fhd-touch-laptop-intel-core-i5-6300u-2-4ghz-16gb-ddr4-ram-240gb-ssd-en-fr-refurbished/13287899,,(0 Reviews),$782.98,$782.98,Available online only,$782.98,SAVE $391,
"Dell Latitude 3330 13.3"" Laptop, Intel Core i3 2375M 1.5GHz, 4G DDR3L, 500G, WiFi, Win10 Home 64 Bit (EN/FR/ES)-Refurbished",https://www.bestbuy.ca/en-ca/product/dell-latitude-3330-13-3-laptop-intel-core-i3-2375m-1-5ghz-4g-ddr3l-500g-wifi-win10-home-64-bit-en-fr-es-refurbished/14428687,,(0 Reviews),$357.98,$357.98,Available online only,$357.98,SAVE $179,
"Microsoft Surface 3 13.5"" Touchscreen Laptop - Cobalt Blue (Intel Core i7-1065G7/512GB SSD/16GB RAM) - English",https://www.bestbuy.ca/en-ca/product/microsoft-surface-3-13-5-touchscreen-laptop-cobalt-blue-intel-core-i7-1065g7-512gb-ssd-16gb-ram-english/13949373,,(3 Reviews),"$2,689.99","$2,689.99",Available online,,,Sold out in nearby stores
"Dell Latitude E7250 Laptop Core i5 5300u 2.3GHz 8GB RAM 256GB SSD Win 10 Pro 12.5"" HD LCD Webcam Battery Refurbished",https://www.bestbuy.ca/en-ca/product/dell-latitude-e7250-laptop-core-i5-5300u-2-3ghz-8gb-ram-256gb-ssd-win-10-pro-12-5-hd-lcd-webcam-battery-refurbished/12652606,,(0 Reviews),$469,$469.00,Available online only,,,
"Dell XPS 13.3"" Laptop - Platinum Silver (Intel Core i7-10710U/512GB SSD/16GB RAM/Windows 10) - Refurbished",https://www.bestbuy.ca/en-ca/product/dell-xps-13-3-laptop-platinum-silver-intel-core-i7-10710u-512gb-ssd-16gb-ram-windows-10-refurbished/14498152,,(0 Reviews),"$1,534.99","$1,534.99",Available online only,"$1,534.99",SAVE $265,
"Dell Latitude E6230 12.5"" Laptop, Intel Core i5 3320M up to 3.3G, 8G DDR3, 500G, Windows 10 Home 64 Bit (EN/FR/ES)-Refurbished",https://www.bestbuy.ca/en-ca/product/dell-latitude-e6230-12-5-laptop-intel-core-i5-3320m-up-to-3-3g-8g-ddr3-500g-windows-10-home-64-bit-en-fr-es-refurbished/14515675,,(0 Reviews),$415.98,$415.98,Available online only,$415.98,SAVE $208,
Acer 13.3” Spin 5 convertible notebook (Intel I5-8265U/8Gb/256Gb SSD/Win10) - Manufacturer ReCertified w/ 1 Year Warranty,https://www.bestbuy.ca/en-ca/product/acer-13-3-spin-5-convertible-notebook-intel-i5-8265u-8gb-256gb-ssd-win10-manufacturer-recertified-w-1-year-warranty/14335848,,(0 Reviews),$879.99,$879.99,Available online only,,,
"Microsoft Surface 3 13.5"" Touchscreen Laptop - Sandstone (Intel Core i7-1065G7/256GB SSD/16GB RAM) - French",https://www.bestbuy.ca/en-ca/product/microsoft-surface-3-13-5-touchscreen-laptop-sandstone-intel-core-i7-1065g7-256gb-ssd-16gb-ram-french/13949388,,(0 Reviews),"$1,949.99","$1,949.99",Available online,"$1,949.99",SAVE $200,Sold out in nearby stores
"Dell Latitude E6330 13.3"" Laptop, Intel Core i7 3520M up to 3.6GHz, 16G DDR3, 256G SSD, DVD, Win10H64 (EN/FR/ES)-Refurbished",https://www.bestbuy.ca/en-ca/product/dell-latitude-e6330-13-3-laptop-intel-core-i7-3520m-up-to-3-6ghz-16g-ddr3-256g-ssd-dvd-win10h64-en-fr-es-refurbished/14515899,,(0 Reviews),$591.98,$591.98,Available online only,$591.98,SAVE $296,
"Lenovo ThinkPad X201 12.1"" Laptop, Intel Core i5 520M up to 2.93G, 8G DDR3, 320G, VGA,Win10 Home 64 Bit (EN/FR/ES)-Refurbished",https://www.bestbuy.ca/en-ca/product/lenovo-thinkpad-x201-12-1-laptop-intel-core-i5-520m-up-to-2-93g-8g-ddr3-320g-vga-win10-home-64-bit-en-fr-es-refurbished/14538744,,(0 Reviews),$352.98,$352.98,Available online only,$352.98,SAVE $176,
"Microsoft Surface 3 13.5"" Touchscreen Laptop - Cobalt Blue (Intel Core i5-1035G7/256GB SSD/8GB RAM) - French",https://www.bestbuy.ca/en-ca/product/microsoft-surface-3-13-5-touchscreen-laptop-cobalt-blue-intel-core-i5-1035g7-256gb-ssd-8gb-ram-french/13949370,,(0 Reviews),"$1,529.99","$1,529.99",Available online,"$1,529.99",SAVE $200,Sold out in nearby stores
"DELL E7240, Intel i5 4200U, 8GB Memory, 256GB Solid State Drive, 12"" Screen, Win 10 Pro - Refurbished",https://www.bestbuy.ca/en-ca/product/dell-e7240-intel-i5-4200u-8gb-memory-256gb-solid-state-drive-12-screen-win-10-pro-refurbished/12370929,,(0 Reviews),$349.88,$349.88,Available online only,$349.88,SAVE $100,
"Dell Latitude E6330 13.3"" Laptop, Intel Core i7 3520M up to 3.6GHz, 16G DDR3, 1T, DVD,Win10 Home 64 Bit (EN/FR/ES)-Refurbished",https://www.bestbuy.ca/en-ca/product/dell-latitude-e6330-13-3-laptop-intel-core-i7-3520m-up-to-3-6ghz-16g-ddr3-1t-dvd-win10-home-64-bit-en-fr-es-refurbished/14515813,,(0 Reviews),$586.98,$586.98,Available online only,$586.98,SAVE $293,
"Lenovo ThinkPad X201 12.1"" Laptop, Intel Core i5 520M up to 2.93G, 8G DDR3, 500G, VGA,Win10 Home 64 Bit (EN/FR/ES)-Refurbished",https://www.bestbuy.ca/en-ca/product/lenovo-thinkpad-x201-12-1-laptop-intel-core-i5-520m-up-to-2-93g-8g-ddr3-500g-vga-win10-home-64-bit-en-fr-es-refurbished/14538906,,(0 Reviews),$375.98,$375.98,Available online only,$375.98,SAVE $188,
Basic Panasonic Toughbook CF-C2 MK2 Tablet-PC Rugged 1.8GHz Core i5 Win10 - Refurbished - Grade A,https://www.bestbuy.ca/en-ca/product/basic-panasonic-toughbook-cf-c2-mk2-tablet-pc-rugged-1-8ghz-core-i5-win10-refurbished-grade-a/13412103,,(0 Reviews),$549.90,$549.90,Available online only,,,
"Microsoft Surface 3 13.5"" Touchscreen Laptop - Sandstone (Intel Core i7-1065G7/512GB SSD/16GB RAM) - French",https://www.bestbuy.ca/en-ca/product/microsoft-surface-3-13-5-touchscreen-laptop-sandstone-intel-core-i7-1065g7-512gb-ssd-16gb-ram-french/13949392,,(0 Reviews),"$2,489.99","$2,489.99",Available online,"$2,489.99",SAVE $200,Sold out in nearby stores
"HP ELITE X2 1012 G1 12"" 256GB WINDOWS 10 PRO 64-BIT TABLET & KEYBOARD WITH INTEL CORE M7-6Y75 SILVER (T8Z07UT#ABA) T8Z07",https://www.bestbuy.ca/en-ca/product/hp-elite-x2-1012-g1-12-256gb-windows-10-pro-64-bit-tablet-keyboard-with-intel-core-m7-6y75-silver-t8z07ut-aba-t8z07/11985377,,(0 Reviews),"$3,028.99","$3,028.99",Available online only,,,
"Microsoft Surface 3 13.5"" Touchscreen Laptop - Cobalt Blue (Intel Core i7-1065G7/256GB SSD/16GB RAM) - French",https://www.bestbuy.ca/en-ca/product/microsoft-surface-3-13-5-touchscreen-laptop-cobalt-blue-intel-core-i7-1065g7-256gb-ssd-16gb-ram-french/13949372,,(0 Reviews),"$1,949.99","$1,949.99",Available online,"$1,949.99",SAVE $50,Sold out in nearby stores
"Lenovo ThinkPad X201 12.1"" Laptop, Intel Core i5 520M up to 2.93G, 4G DDR3, 500G, VGA,Win10 Home 64 Bit (EN/FR/ES)-Refurbished",https://www.bestbuy.ca/en-ca/product/lenovo-thinkpad-x201-12-1-laptop-intel-core-i5-520m-up-to-2-93g-4g-ddr3-500g-vga-win10-home-64-bit-en-fr-es-refurbished/14538757,,(0 Reviews),$344.98,$344.98,Available online only,$344.98,SAVE $172,
"Dell XPS 13.3"" Laptop - Platinum Silver (Intel Core i7-8565U/256GB SSD/8GB RAM/Windows 10) - Refurbished",https://www.bestbuy.ca/en-ca/product/dell-xps-13-3-laptop-platinum-silver-intel-core-i7-8565u-256gb-ssd-8gb-ram-windows-10-refurbished/13963776,,(0 Reviews),"$1,209.99","$1,209.99",Available online only,"$1,209.99",SAVE $190,
"Huawei 53010FKR 13"" Touchscreen Laptop Core i5 8265U 1.6Ghz 8GB RAM 256GB SSD Win 10 Home, Refurbished",https://www.bestbuy.ca/en-ca/product/huawei-53010fkr-13-touchscreen-laptop-core-i5-8265u-1-6ghz-8gb-ram-256gb-ssd-win-10-home-refurbished/13871106,,(0 Reviews),"$1,189.99","$1,189.99",Available online only,"$1,189.99",SAVE $186,
"Refurbished HP ELITEBOOK 725 G2, Grade A, 12.5"" AMD A10-7350B 2.1G, 8G, 512G SSD, WIFI, W10H64, 1 Year Warranty(EN/FR)",https://www.bestbuy.ca/en-ca/product/refurbished-hp-elitebook-725-g2-grade-a-12-5-amd-a10-7350b-2-1g-8g-512g-ssd-wifi-w10h64-1-year-warranty-en-fr/13789606,,(0 Reviews),$499.98,$499.98,Available online only,$499.98,SAVE $250,
"Dell Latitude E6230 12.5"" Laptop, Intel Core i5 3320M up to 3.3G, 4G DDR3, 500G, Windows 10 Home 64 Bit (EN/FR/ES)-Refurbished",https://www.bestbuy.ca/en-ca/product/dell-latitude-e6230-12-5-laptop-intel-core-i5-3320m-up-to-3-3g-4g-ddr3-500g-windows-10-home-64-bit-en-fr-es-refurbished/14515716,,(0 Reviews),$383.98,$383.98,Available online only,$383.98,SAVE $192,
"Microsoft Surface 3 13.5"" Touchscreen Laptop - Platinum (Intel Core i5-1035G7/256GB SSD/8GB RAM) - French",https://www.bestbuy.ca/en-ca/product/microsoft-surface-3-13-5-touchscreen-laptop-platinum-intel-core-i5-1035g7-256gb-ssd-8gb-ram-french/13949364,,(0 Reviews),"$1,729.99","$1,729.99",Available online,,,Sold out in nearby stores
"Lenovo ThinkPad X201 12.1"" Laptop, Intel Core i5 520M up to 2.93 GHz, 8G DDR3, 256G SSD, VGA, Win10H64 (EN/FR/ES)-Refurbished",https://www.bestbuy.ca/en-ca/product/lenovo-thinkpad-x201-12-1-laptop-intel-core-i5-520m-up-to-2-93-ghz-8g-ddr3-256g-ssd-vga-win10h64-en-fr-es-refurbished/14538911,,(0 Reviews),$403.98,$403.98,Available online only,$403.98,SAVE $202,
"Toshiba Portege Z30A 13.3"" Laptop, Intel Core i5 4300U up to 2.9GHz, 8G DDR3L, mSATA 256G SSD, W10H64 (EN/FR/ES)-Refurbished",https://www.bestbuy.ca/en-ca/product/toshiba-portege-z30a-13-3-laptop-intel-core-i5-4300u-up-to-2-9ghz-8g-ddr3l-msata-256g-ssd-w10h64-en-fr-es-refurbished/14515792,,(0 Reviews),$497.11,$497.11,Available online only,,,
"Dell Latitude E7250: i5-5300U 2.3GHz, 8G, 256GB SSD, Webcam, HDMI, mini Display, 12.5"", win 10 pro - Certified Refurbished",https://www.bestbuy.ca/en-ca/product/dell-latitude-e7250-i5-5300u-2-3ghz-8g-256gb-ssd-webcam-hdmi-mini-display-12-5-win-10-pro-certified-refurbished/14553655,,(0 Reviews),$445,$445.00,Available online only,$445.00,SAVE $105,
"Dell Latitude 7280 - 12"" - i5-6300U CPU @ 2.40GHz - 8GB RAM - 128GB SSD - Windows 10 Pro - Certified Refurbished",https://www.bestbuy.ca/en-ca/product/dell-latitude-7280-12-i5-6300u-cpu-2-40ghz-8gb-ram-128gb-ssd-windows-10-pro-certified-refurbished/12724473,,(0 Reviews),$629,$629.00,Available online only,$629.00,"SAVE $1,071",
"Dell Latitude E6230 12.5"" Laptop, Intel Core i5 3320M up to 3.3G, 4G DDR3, 128G SSD, Win10 Home 64 Bit (EN/FR/ES)-Refurbished",https://www.bestbuy.ca/en-ca/product/dell-latitude-e6230-12-5-laptop-intel-core-i5-3320m-up-to-3-3g-4g-ddr3-128g-ssd-win10-home-64-bit-en-fr-es-refurbished/14515719,,(0 Reviews),$399.98,$399.98,Available online only,$399.98,SAVE $200,
"Dell Latitude 3330 13.3"" Laptop, Intel Core i3 2375M 1.5GHz, 8G DDR3L, 500G, WiFi, Win10 Home 64 Bit (EN/FR/ES)-Refurbished",https://www.bestbuy.ca/en-ca/product/dell-latitude-3330-13-3-laptop-intel-core-i3-2375m-1-5ghz-8g-ddr3l-500g-wifi-win10-home-64-bit-en-fr-es-refurbished/14428668,,(0 Reviews),$387.98,$387.98,Available online only,$387.98,SAVE $194,
"HP EliteBook 830 G5 13.3"" Touchscreen LCD Notebook - Intel Core i7 (8th Gen) i7-8550U Quad-core (4 Core) 1.80 GHz - 16GB DDR4",https://www.bestbuy.ca/en-ca/product/hp-elitebook-830-g5-13-3-touchscreen-lcd-notebook-intel-core-i7-8th-gen-i7-8550u-quad-core-4-core-1-80-ghz-16gb-ddr4/12473192,,(0 Reviews),"$1,971.95","$1,971.95",Available online only,"$1,971.95",SAVE $163,
"Dell Latitude E7240 Touch Laptop Core i5 4310u 2.0GHz 16GB RAM 256GB SSD 10 Pro 12.5"" FHD Touchscreen SQUARE PC Refurbished",https://www.bestbuy.ca/en-ca/product/dell-latitude-e7240-touch-laptop-core-i5-4310u-2-0ghz-16gb-ram-256gb-ssd-10-pro-12-5-fhd-touchscreen-square-pc-refurbished/13703076,,(0 Reviews),$599.97,$599.97,Available online only,$599.97,SAVE $200,
"Dell Latitude E6230 12.5"" Laptop, Intel Core i5 3320M up to 3.3G, 8G DDR3, 256G SSD, Win10 Home 64 Bit (EN/FR/ES)-Refurbished",https://www.bestbuy.ca/en-ca/product/dell-latitude-e6230-12-5-laptop-intel-core-i5-3320m-up-to-3-3g-8g-ddr3-256g-ssd-win10-home-64-bit-en-fr-es-refurbished/14515655,,(0 Reviews),$443.98,$443.98,Available online only,$443.98,SAVE $222,
"Dell Latitude E6230 12.5"" Laptop, Intel Core i5 3320M up to 3.3G, 4G DDR3, 256G SSD, Win10 Home 64 Bit (EN/FR/ES)-Refurbished",https://www.bestbuy.ca/en-ca/product/dell-latitude-e6230-12-5-laptop-intel-core-i5-3320m-up-to-3-3g-4g-ddr3-256g-ssd-win10-home-64-bit-en-fr-es-refurbished/14515611,,(0 Reviews),$412.98,$412.98,Available online only,$412.98,SAVE $206,
"Microsoft Surface 2 13.5"" Touchscreen Laptop - Black (Intel Core i7/512GB SSD/16GB RAM) - English - Open Box",https://www.bestbuy.ca/en-ca/product/microsoft-surface-2-13-5-touchscreen-laptop-black-intel-core-i7-512gb-ssd-16gb-ram-english-open-box/14542729,,(0 Reviews),"$1,999.99","$1,999.99",Available online only,"$1,999.99",SAVE $200,
"Dell Latitude 7280,Intel Core I5-7300U 2.6GHz,8G DDR4,256G SSD(M.2.SATA),WIFI,BT 4.2,12.5"" LCD,W10P64(EN/FR)-Refurbished",https://www.bestbuy.ca/en-ca/product/dell-latitude-7280-intel-core-i5-7300u-2-6ghz-8g-ddr4-256g-ssd-m-2-sata-wifi-bt-4-2-12-5-lcd-w10p64-en-fr-refurbished/13287900,,(0 Reviews),$870.98,$870.98,Available online only,$870.98,SAVE $435,
"Lenovo ThinkPad X230 12.5"" Laptop, Intel Core i3 3130M 2.6 GHz, 4G DDR3, 500G, VGA, DP, USB 3.0, W10H64 (EN/FR/ES)-Refurbished",https://www.bestbuy.ca/en-ca/product/lenovo-thinkpad-x230-12-5-laptop-intel-core-i3-3130m-2-6-ghz-4g-ddr3-500g-vga-dp-usb-3-0-w10h64-en-fr-es-refurbished/14519436,,(0 Reviews),$360.98,$360.98,Available online only,$360.98,SAVE $180,
"Microsoft Surface 3 13.5"" Touchscreen Laptop - Matte Black (Intel Core i7-1065G7/512GB SSD/16GB RAM) - French",https://www.bestbuy.ca/en-ca/product/microsoft-surface-3-13-5-touchscreen-laptop-matte-black-intel-core-i7-1065g7-512gb-ssd-16gb-ram-french/13949390,,(0 Reviews),"$2,489.99","$2,489.99",Available online,"$2,489.99",SAVE $200,Sold out in nearby stores
"Dell Latitude E6330 13.3"" Laptop, Intel Core i7 3520M up to 3.6GHz, 16G DDR3, 512G SSD, DVD, Win10H64 (EN/FR/ES)-Refurbished",https://www.bestbuy.ca/en-ca/product/dell-latitude-e6330-13-3-laptop-intel-core-i7-3520m-up-to-3-6ghz-16g-ddr3-512g-ssd-dvd-win10h64-en-fr-es-refurbished/14515940,,(0 Reviews),$632.98,$632.98,Available online only,$632.98,SAVE $316,
Acer 13.3” Spin 5 Convertible Notebook (Intel Core i5-8265U/8Gb/512Gb SSD/Win10) - Manufacturer ReCertified w/ 1 Year Warranty,https://www.bestbuy.ca/en-ca/product/acer-13-3-spin-5-convertible-notebook-intel-core-i5-8265u-8gb-512gb-ssd-win10-manufacturer-recertified-w-1-year-warranty/14575594,,(0 Reviews),$919.99,$919.99,Available online only,,,
"Lenovo ThinkPad X230 12.5"" Laptop, Intel Core i3 3130M 2.6 GHz, 8G DDR3, 500G, VGA, DP, USB 3.0, W10H64 (EN/FR/ES)-Refurbished",https://www.bestbuy.ca/en-ca/product/lenovo-thinkpad-x230-12-5-laptop-intel-core-i3-3130m-2-6-ghz-8g-ddr3-500g-vga-dp-usb-3-0-w10h64-en-fr-es-refurbished/14519390,,(0 Reviews),$393.98,$393.98,Available online only,$393.98,SAVE $197,
"Dell Latitude E6330 Laptop i7 3520m 2.9GHz 16GB RAM 128GB SSD DVDRW 10 13.3"" HD LCD Webcam New Battery SQUARE PC Refurbished",https://www.bestbuy.ca/en-ca/product/dell-latitude-e6330-laptop-i7-3520m-2-9ghz-16gb-ram-128gb-ssd-dvdrw-10-13-3-hd-lcd-webcam-new-battery-square-pc-refurbished/14585310,,(0 Reviews),$549.99,$549.99,Available online only,,,
HP 820G3-CORE I5 (6300U)-2.4GHZ-8GB-500GB-Refurbished(Grade A),https://www.bestbuy.ca/en-ca/product/hp-820g3-core-i5-6300u-2-4ghz-8gb-500gb-refurbished-grade-a/14588735,,(0 Reviews),$549,$549.00,Available online only,$549.00,"SAVE $1,050",
"Microsoft 13.5"" Touchscreen Laptop (Intel Core i5-7200U/128GB SSD/8GB RAM/Win 10 S) - En - Open Box",https://www.bestbuy.ca/en-ca/product/microsoft-13-5-touchscreen-laptop-intel-core-i5-7200u-128gb-ssd-8gb-ram-win-10-s-en-open-box/13194366,,(0 Reviews),$999.97,$999.97,Available online only,,,
